{
  "metadata": {
    "version": "1.0",
    "generated_at_utc": "2025-10-31T23:27:42.662162+00:00",
    "country_code": "fr",
    "station_code": "33281001",
    "station_usual_name": "BORDEAUX-MERIGNAC",
    "longitude_deg": -0.6913330000000002,
    "latitude_deg": 44.830667,
    "altitude_m": 47.0,
    "delta_utc_solar_h": -0.04608886666666666,
    "metrics": {
      "temperature": {
        "mae": 3.0129387306642506,
        "bias": 0.0016121465266964578,
        "err_p05": -6.103322005271911,
        "err_p95": 6.232713317871093
      },
      "relative_humidity": {
        "mae": 9.469055712404712,
        "bias": -0.004359220657872316,
        "err_p05": -21.238853454589844,
        "err_p95": 18.165187454223634
      }
    }
  },
  "annual_T": {
    "mu": 1.4092599153518677,
    "A1": 0.768577516078949,
    "ph1": -2.7863636016845703,
    "A2": 0.0648438036441803,
    "ph2": 1.9396559000015259
  },
  "annual_RH": {
    "mu": 75.8366470336914,
    "A1": 9.531926155090332,
    "ph1": 6.09695291519165,
    "A2": 2.955230712890625,
    "ph2": -0.7600886821746826
  },
  "diurn_T": {
    "a0": 0.37703537940979004,
    "a1": 0.1316574364900589,
    "psiA": 3.216270923614502,
    "ph0": -2.8753180503845215,
    "k1": 0.19669413566589355,
    "psiP": 0.33600491285324097,
    "alpha": 0.1077839732170105
  },
  "diurn_RH": {
    "beta_c": -10.514091491699219,
    "core.a0": 11.51672649383545,
    "core.a1": -4.675073623657227,
    "core.psiA": -0.01095321960747242,
    "core.ph0": 0.26021096110343933,
    "core.k1": 0.1529477834701538,
    "core.psiP": 0.4231671988964081,
    "core.alpha": -0.125358447432518
  }
}