{
  "metadata": {
    "version": "1.0",
    "generated_at_utc": "2025-10-31T23:28:11.443555+00:00",
    "country_code": "fr",
    "station_code": "18033001",
    "station_usual_name": "BOURGES",
    "longitude_deg": 2.3598330000000005,
    "latitude_deg": 47.05916700000001,
    "altitude_m": 161.0,
    "delta_utc_solar_h": 0.15732220000000002,
    "metrics": {
      "temperature": {
        "mae": 3.2009936668493797,
        "bias": -0.00012121655996614095,
        "err_p05": -6.294992923736572,
        "err_p95": 6.644522786140442
      },
      "relative_humidity": {
        "mae": 9.450156498306198,
        "bias": 0.007546589321995176,
        "err_p05": -20.481279373168945,
        "err_p95": 18.663076400756836
      }
    }
  },
  "annual_T": {
    "mu": 1.2340747117996216,
    "A1": 0.8400321006774902,
    "ph1": -2.814790725708008,
    "A2": 0.06405732035636902,
    "ph2": 1.5921454429626465
  },
  "annual_RH": {
    "mu": 75.95156860351562,
    "A1": 11.215866088867188,
    "ph1": 6.133111476898193,
    "A2": 3.42376446723938,
    "ph2": -1.0893900394439697
  },
  "diurn_T": {
    "a0": 0.3595196306705475,
    "a1": -0.1620771735906601,
    "psiA": -0.007764443755149841,
    "ph0": -2.7689993381500244,
    "k1": 0.15564507246017456,
    "psiP": 0.2579165995121002,
    "alpha": 0.05412040650844574
  },
  "diurn_RH": {
    "beta_c": -10.514937400817871,
    "core.a0": 9.911615371704102,
    "core.a1": -5.084203243255615,
    "core.psiA": -0.014052779413759708,
    "core.ph0": 0.37206146121025085,
    "core.k1": 0.12076744437217712,
    "core.psiP": 0.20694632828235626,
    "core.alpha": -0.09060533344745636
  }
}