{
  "metadata": {
    "version": "1.0",
    "generated_at_utc": "2025-10-30T22:44:08.632151+00:00",
    "country_code": "fr",
    "station_code": "18033001",
    "station_usual_name": "BOURGES",
    "longitude_deg": 2.3598330000000014,
    "latitude_deg": 47.05916700000001,
    "altitude_m": 161.0,
    "delta_utc_solar_h": 0.15732220000000002,
    "mae_temperature": 3.2011860609054565,
    "mae_humidity": 9.450751304626465
  },
  "annual_T": {
    "mu": 1.234075665473938,
    "A1": 0.840031623840332,
    "ph1": -2.814789056777954,
    "A2": 0.06405584514141083,
    "ph2": 1.592153549194336
  },
  "annual_RH": {
    "mu": 75.95185089111328,
    "A1": 11.216187477111816,
    "ph1": 6.133073329925537,
    "A2": 3.4240245819091797,
    "ph2": -1.089526653289795
  },
  "diurn_T": {
    "a0": 0.35951367020606995,
    "a1": -0.16208350658416748,
    "psiA": -0.00782832782715559,
    "ph0": -2.7689146995544434,
    "k1": 0.15572310984134674,
    "psiP": 0.2575273811817169,
    "alpha": 0.05408826470375061
  },
  "diurn_RH": {
    "beta_c": -10.514922142028809,
    "core.a0": 9.911107063293457,
    "core.a1": -5.084780216217041,
    "core.psiA": -0.014223044738173485,
    "core.ph0": 0.3720399737358093,
    "core.k1": 0.12073667347431183,
    "core.psiP": 0.20717106759548187,
    "core.alpha": -0.09057480841875076
  }
}