{
  "metadata": {
    "version": "1.0",
    "generated_at_utc": "2025-10-31T23:28:44.119261+00:00",
    "country_code": "fr",
    "station_code": "63113001",
    "station_usual_name": "CLERMONT-FD",
    "longitude_deg": 3.149332999999999,
    "latitude_deg": 45.786833,
    "altitude_m": 331.0,
    "delta_utc_solar_h": 0.20995553333333336,
    "metrics": {
      "temperature": {
        "mae": 3.499669529045022,
        "bias": 0.0002542094192665195,
        "err_p05": -7.036377906799316,
        "err_p95": 7.238881516456602
      },
      "relative_humidity": {
        "mae": 9.045915926872862,
        "bias": 0.007392533563195059,
        "err_p05": -18.328673362731934,
        "err_p95": 18.719580078124984
      }
    }
  },
  "annual_T": {
    "mu": 1.2299336194992065,
    "A1": 0.8439642190933228,
    "ph1": -2.8006129264831543,
    "A2": 0.058590829372406006,
    "ph2": 1.6477454900741577
  },
  "annual_RH": {
    "mu": 70.7027587890625,
    "A1": 7.040658950805664,
    "ph1": 5.998422145843506,
    "A2": 2.9993624687194824,
    "ph2": -1.0405287742614746
  },
  "diurn_T": {
    "a0": 0.3877892792224884,
    "a1": -0.1502125859260559,
    "psiA": -0.0008557827677577734,
    "ph0": -2.8620760440826416,
    "k1": 0.16774426400661469,
    "psiP": 0.29257750511169434,
    "alpha": 0.09985887259244919
  },
  "diurn_RH": {
    "beta_c": -12.30494213104248,
    "core.a0": 8.648940086364746,
    "core.a1": -3.3860366344451904,
    "core.psiA": 0.06538616865873337,
    "core.ph0": 0.24315717816352844,
    "core.k1": 0.15083245933055878,
    "core.psiP": 0.40612444281578064,
    "core.alpha": -0.14035838842391968
  }
}