{
  "metadata": {
    "version": "1.0",
    "generated_at_utc": "2025-10-31T23:29:15.198155+00:00",
    "country_code": "fr",
    "station_code": "59343001",
    "station_usual_name": "LILLE-LESQUIN",
    "longitude_deg": 3.0974999999999997,
    "latitude_deg": 50.57000000000001,
    "altitude_m": 47.0,
    "delta_utc_solar_h": 0.20650000000000004,
    "metrics": {
      "temperature": {
        "mae": 2.88060679999034,
        "bias": -3.385087206605837e-05,
        "err_p05": -5.725532650947571,
        "err_p95": 6.197897791862488
      },
      "relative_humidity": {
        "mae": 8.636301702097509,
        "bias": 0.004399320264977522,
        "err_p05": -18.904793167114256,
        "err_p95": 17.1515151977539
      }
    }
  },
  "annual_T": {
    "mu": 1.141330361366272,
    "A1": 0.7575894594192505,
    "ph1": -2.787938117980957,
    "A2": 0.04581799358129501,
    "ph2": 1.8075602054595947
  },
  "annual_RH": {
    "mu": 78.55874633789062,
    "A1": 9.621904373168945,
    "ph1": 5.9794697761535645,
    "A2": 1.7152165174484253,
    "ph2": -0.5139555335044861
  },
  "diurn_T": {
    "a0": 0.2914547622203827,
    "a1": -0.15798266232013702,
    "psiA": -0.06647276878356934,
    "ph0": -2.8132083415985107,
    "k1": 0.22822563350200653,
    "psiP": 0.2542911171913147,
    "alpha": 0.06325595080852509
  },
  "diurn_RH": {
    "beta_c": -9.465631484985352,
    "core.a0": 9.073007583618164,
    "core.a1": -5.724600791931152,
    "core.psiA": -0.05804583430290222,
    "core.ph0": 0.3258257210254669,
    "core.k1": 0.13131263852119446,
    "core.psiP": 0.4038236141204834,
    "core.alpha": -0.09163576364517212
  }
}