{
  "metadata": {
    "version": "1.0",
    "generated_at_utc": "2025-10-31T23:29:46.684922+00:00",
    "country_code": "fr",
    "station_code": "69029001",
    "station_usual_name": "LYON-BRON",
    "longitude_deg": 4.949167000000001,
    "latitude_deg": 45.721333,
    "altitude_m": 202.0,
    "delta_utc_solar_h": 0.32994446666666655,
    "metrics": {
      "temperature": {
        "mae": 3.3163103963321072,
        "bias": 0.0002789763957386435,
        "err_p05": -6.591691589355468,
        "err_p95": 6.806712007522582
      },
      "relative_humidity": {
        "mae": 9.388748401071677,
        "bias": 0.007664999200826829,
        "err_p05": -19.093029785156247,
        "err_p95": 18.97033691406248
      }
    }
  },
  "annual_T": {
    "mu": 1.3284281492233276,
    "A1": 0.9484426379203796,
    "ph1": -2.840479850769043,
    "A2": 0.06583249568939209,
    "ph2": 1.7562462091445923
  },
  "annual_RH": {
    "mu": 70.02838897705078,
    "A1": 11.997225761413574,
    "ph1": 6.0695576667785645,
    "A2": 3.0469720363616943,
    "ph2": -1.179589033126831
  },
  "diurn_T": {
    "a0": 0.3541622459888458,
    "a1": -0.14698800444602966,
    "psiA": -0.03702478110790253,
    "ph0": -2.7674524784088135,
    "k1": 0.172409787774086,
    "psiP": 0.3111586272716522,
    "alpha": 0.07346159219741821
  },
  "diurn_RH": {
    "beta_c": -12.137578010559082,
    "core.a0": 9.228022575378418,
    "core.a1": -3.471621036529541,
    "core.psiA": -0.024624094367027283,
    "core.ph0": 0.3491322994232178,
    "core.k1": 0.1626947671175003,
    "core.psiP": 0.29972541332244873,
    "core.alpha": -0.09353163093328476
  }
}