{
  "metadata": {
    "version": "1.0",
    "generated_at_utc": "2025-10-31T23:30:21.438472+00:00",
    "country_code": "fr",
    "station_code": "13054001",
    "station_usual_name": "MARIGNANE",
    "longitude_deg": 5.215999999999999,
    "latitude_deg": 43.43766699999999,
    "altitude_m": 9.0,
    "delta_utc_solar_h": 0.34773333333333334,
    "metrics": {
      "temperature": {
        "mae": 2.568061285501316,
        "bias": -0.000311727856466093,
        "err_p05": -5.530968379974365,
        "err_p95": 5.238443946838378
      },
      "relative_humidity": {
        "mae": 10.37017111666908,
        "bias": 0.007025957270892704,
        "err_p05": -21.070707702636717,
        "err_p95": 19.919789123535143
      }
    }
  },
  "annual_T": {
    "mu": 1.5981122255325317,
    "A1": 0.9137589335441589,
    "ph1": -2.772907257080078,
    "A2": 0.06413859128952026,
    "ph2": 1.5008422136306763
  },
  "annual_RH": {
    "mu": 65.5835189819336,
    "A1": 10.14694595336914,
    "ph1": 6.20200777053833,
    "A2": 2.606431722640991,
    "ph2": -1.7433152198791504
  },
  "diurn_T": {
    "a0": 0.37432193756103516,
    "a1": 0.08920758217573166,
    "psiA": 3.068941116333008,
    "ph0": -2.916093349456787,
    "k1": -0.21941640973091125,
    "psiP": 3.270311117172241,
    "alpha": 0.11768419295549393
  },
  "diurn_RH": {
    "beta_c": -6.179943084716797,
    "core.a0": 10.077238082885742,
    "core.a1": -2.2447738647460938,
    "core.psiA": -0.08058907091617584,
    "core.ph0": 0.18583247065544128,
    "core.k1": 0.25382354855537415,
    "core.psiP": 0.34201058745384216,
    "core.alpha": -0.174643412232399
  }
}