{
  "metadata": {
    "version": "1.0",
    "generated_at_utc": "2025-10-31T23:31:00.986729+00:00",
    "country_code": "fr",
    "station_code": "44020001",
    "station_usual_name": "NANTES-BOUGUENAIS",
    "longitude_deg": -1.6088330000000006,
    "latitude_deg": 47.149999999999984,
    "altitude_m": 26.0,
    "delta_utc_solar_h": -0.10725553333333336,
    "metrics": {
      "temperature": {
        "mae": 2.866847004585516,
        "bias": 0.002313516435011485,
        "err_p05": -5.786310577392578,
        "err_p95": 5.976718068122864
      },
      "relative_humidity": {
        "mae": 9.403270555124235,
        "bias": -0.0076565416558897524,
        "err_p05": -21.175704956054688,
        "err_p95": 17.78026618957519
      }
    }
  },
  "annual_T": {
    "mu": 1.2729642391204834,
    "A1": 0.6945925951004028,
    "ph1": -2.767554521560669,
    "A2": 0.04796087369322777,
    "ph2": 1.62468683719635
  },
  "annual_RH": {
    "mu": 78.9862289428711,
    "A1": 8.452817916870117,
    "ph1": 6.063559532165527,
    "A2": 1.9103602170944214,
    "ph2": -0.7831338047981262
  },
  "diurn_T": {
    "a0": 0.34084683656692505,
    "a1": -0.14729219675064087,
    "psiA": 0.07171427458524704,
    "ph0": -2.9260993003845215,
    "k1": 0.18610157072544098,
    "psiP": 0.3321339190006256,
    "alpha": 0.10230478644371033
  },
  "diurn_RH": {
    "beta_c": -8.604164123535156,
    "core.a0": 10.225109100341797,
    "core.a1": -5.000903129577637,
    "core.psiA": 0.09088458865880966,
    "core.ph0": 0.2366790473461151,
    "core.k1": 0.16437990963459015,
    "core.psiP": 0.37709301710128784,
    "core.alpha": -0.13970839977264404
  }
}