{
  "metadata": {
    "version": "1.0",
    "generated_at_utc": "2025-10-31T23:31:34.493208+00:00",
    "country_code": "fr",
    "station_code": "75114001",
    "station_usual_name": "PARIS-MONTSOURIS",
    "longitude_deg": 2.3378329999999994,
    "latitude_deg": 48.82166700000001,
    "altitude_m": 75.0,
    "delta_utc_solar_h": 0.15585553333333332,
    "metrics": {
      "temperature": {
        "mae": 2.9011805099539423,
        "bias": -8.881895134590208e-05,
        "err_p05": -5.732763123512268,
        "err_p95": 6.158235073089599
      },
      "relative_humidity": {
        "mae": 9.502990956182657,
        "bias": 0.008003755127418055,
        "err_p05": -19.627857971191407,
        "err_p95": 19.306479835510242
      }
    }
  },
  "annual_T": {
    "mu": 1.2907721996307373,
    "A1": 0.7943073511123657,
    "ph1": -2.8239150047302246,
    "A2": 0.05574284493923187,
    "ph2": 1.629798173904419
  },
  "annual_RH": {
    "mu": 71.32881927490234,
    "A1": 10.676748275756836,
    "ph1": 5.972295761108398,
    "A2": 2.45139741897583,
    "ph2": -0.963989794254303
  },
  "diurn_T": {
    "a0": 0.27690938115119934,
    "a1": -0.15137551724910736,
    "psiA": -0.07125992327928543,
    "ph0": -2.6798341274261475,
    "k1": 0.22374609112739563,
    "psiP": 0.16485600173473358,
    "alpha": 0.037542227655649185
  },
  "diurn_RH": {
    "beta_c": -8.817358016967773,
    "core.a0": 8.329623222351074,
    "core.a1": -3.883314371109009,
    "core.psiA": -0.013717759400606155,
    "core.ph0": 0.4514463543891907,
    "core.k1": 0.11632639914751053,
    "core.psiP": 0.20970985293388367,
    "core.alpha": -0.0406116358935833
  }
}