{
  "metadata": {
    "version": "1.0",
    "generated_at_utc": "2025-10-31T23:32:05.636441+00:00",
    "country_code": "fr",
    "station_code": "67124001",
    "station_usual_name": "STRASBOURG-ENTZHEIM",
    "longitude_deg": 7.640332999999999,
    "latitude_deg": 48.549499999999995,
    "altitude_m": 150.0,
    "delta_utc_solar_h": 0.5093555333333334,
    "metrics": {
      "temperature": {
        "mae": 3.2287023384767224,
        "bias": -0.00025275291262281827,
        "err_p05": -6.506270885467529,
        "err_p95": 6.72109842300415
      },
      "relative_humidity": {
        "mae": 8.853165795967504,
        "bias": 0.0058858171301261275,
        "err_p05": -19.131561279296875,
        "err_p95": 17.578353881835938
      }
    }
  },
  "annual_T": {
    "mu": 1.163631558418274,
    "A1": 0.9300883412361145,
    "ph1": -2.8835268020629883,
    "A2": 0.034305933862924576,
    "ph2": 1.5446761846542358
  },
  "annual_RH": {
    "mu": 75.91553497314453,
    "A1": 10.875029563903809,
    "ph1": 5.839315414428711,
    "A2": 1.7902882099151611,
    "ph2": -0.5373015403747559
  },
  "diurn_T": {
    "a0": 0.36953258514404297,
    "a1": -0.18592512607574463,
    "psiA": -0.04676149785518646,
    "ph0": -2.810558795928955,
    "k1": 0.19510172307491302,
    "psiP": 0.41472044587135315,
    "alpha": 0.07348369061946869
  },
  "diurn_RH": {
    "beta_c": -10.741996765136719,
    "core.a0": 9.815718650817871,
    "core.a1": -5.640706539154053,
    "core.psiA": -0.021593965590000153,
    "core.ph0": 0.3262709081172943,
    "core.k1": 0.18019667267799377,
    "core.psiP": 0.5690364837646484,
    "core.alpha": -0.10701234638690948
  }
}