{
  "metadata": {
    "version": "1.0",
    "generated_at_utc": "2025-10-31T23:32:44.303161+00:00",
    "country_code": "fr",
    "station_code": "31069001",
    "station_usual_name": "TOULOUSE-BLAGNAC",
    "longitude_deg": 1.3788329999999998,
    "latitude_deg": 43.62099999999999,
    "altitude_m": 151.0,
    "delta_utc_solar_h": 0.09192219999999997,
    "metrics": {
      "temperature": {
        "mae": 3.051008788039985,
        "bias": 0.00047507425416543607,
        "err_p05": -6.339433479309082,
        "err_p95": 5.955681800842282
      },
      "relative_humidity": {
        "mae": 9.042928330075119,
        "bias": 0.0059881068896950294,
        "err_p05": -20.137814331054688,
        "err_p95": 17.78760986328125
      }
    }
  },
  "annual_T": {
    "mu": 1.4275072813034058,
    "A1": 0.85770183801651,
    "ph1": -2.76727032661438,
    "A2": 0.08416103571653366,
    "ph2": 1.831773042678833
  },
  "annual_RH": {
    "mu": 72.92229461669922,
    "A1": 10.74421215057373,
    "ph1": 0.013178610242903233,
    "A2": 3.7346584796905518,
    "ph2": -1.0282412767410278
  },
  "diurn_T": {
    "a0": 0.37094736099243164,
    "a1": -0.12817822396755219,
    "psiA": 0.1276455670595169,
    "ph0": -2.7733442783355713,
    "k1": 0.12003587186336517,
    "psiP": 0.29524773359298706,
    "alpha": 0.08152468502521515
  },
  "diurn_RH": {
    "beta_c": -10.65808391571045,
    "core.a0": 10.738776206970215,
    "core.a1": -3.899177074432373,
    "core.psiA": 0.17299458384513855,
    "core.ph0": 0.4326830506324768,
    "core.k1": 0.08899769186973572,
    "core.psiP": 0.5958506464958191,
    "core.alpha": -0.06069463491439819
  }
}