{
  "metadata": {
    "version": "1.0",
    "generated_at_utc": "2025-10-31T23:33:20.037437+00:00",
    "country_code": "fr",
    "station_code": "78621001",
    "station_usual_name": "TRAPPES",
    "longitude_deg": 2.0098330000000004,
    "latitude_deg": 48.774333,
    "altitude_m": 167.0,
    "delta_utc_solar_h": 0.13398886666666665,
    "metrics": {
      "temperature": {
        "mae": 2.9990455530422016,
        "bias": 0.00047855646671428104,
        "err_p05": -5.917836761474609,
        "err_p95": 6.3469449996948235
      },
      "relative_humidity": {
        "mae": 9.212832303873608,
        "bias": 0.00925444467521922,
        "err_p05": -20.237957763671876,
        "err_p95": 18.26753540039062
      }
    }
  },
  "annual_T": {
    "mu": 1.1637020111083984,
    "A1": 0.7797585725784302,
    "ph1": -2.802485227584839,
    "A2": 0.05399041622877121,
    "ph2": 1.6115942001342773
  },
  "annual_RH": {
    "mu": 77.27996063232422,
    "A1": 10.766310691833496,
    "ph1": 6.030587196350098,
    "A2": 2.675431966781616,
    "ph2": -0.8595439791679382
  },
  "diurn_T": {
    "a0": 0.3061659336090088,
    "a1": -0.1594226211309433,
    "psiA": -0.045254651457071304,
    "ph0": -2.7662782669067383,
    "k1": 0.16200023889541626,
    "psiP": 0.32475465536117554,
    "alpha": 0.051687996834516525
  },
  "diurn_RH": {
    "beta_c": -9.834880828857422,
    "core.a0": 9.426125526428223,
    "core.a1": -5.038138389587402,
    "core.psiA": -0.042834147810935974,
    "core.ph0": 0.38014325499534607,
    "core.k1": 0.12091697007417679,
    "core.psiP": 0.28386762738227844,
    "core.alpha": -0.08283117413520813
  }
}